Redness,Greenness,Blueness,Yellowness,RedGreen,BlueYellow,Colorfulness,Contrast,Saturation,Entropy,Brightness,Luminance,Luminance_Perceived,Faces,File,Resolution,Framerate
0.5127565895534034,0.48035466839730323,0.5240937711371993,0.47590622886280065,0.7301797233552474,-0.9739080646346802,0.27223686367135946,26.97742749196917,0.1422361936192199,7.6610388880921825,0.5318038177633881,0.2913348155371925,0.292611816538179,0.4444444444444444,4K Seoul Walking Tour [ ILSAN LAKE PARK ] Beautiful Korea.mp4,1920x1080,85.86666666666666
0.6820184413357164,0.6368591956178058,0.11182927806018572,0.8881707219398145,-6.1188946056995,17.207046546335867,0.11467013010423921,20.965892803285335,0.33866219631564315,7.612009864115626,0.4677988588568144,0.21648102653591103,0.21653887449301967,4.4,4K Seoul Walking Tour [ ILSAN LAKE PARK ] Beautiful Korea.mp4_1,1920x1080,90.93333333333334
0.664252442779395,0.6026334632068845,0.15998677404860323,0.8400132259513969,-3.8724978965273067,15.42413049386371,0.17044462812163058,26.19862593742394,0.3555891975618203,7.787119274491993,0.47864406534218634,0.2449172024177013,0.24722433956528111,4.285714285714286,4K Seoul Walking Tour [ ILSAN LAKE PARK ] Beautiful Korea.mp4_2,1920x1080,62.833333333333336
0.6141506033496225,0.6036832905497044,0.23487532061072205,0.7651246793892781,-3.93572621106035,10.959213031736041,0.19389003876548622,28.447888349399655,0.2883897851494265,7.581606169449815,0.4950413917351277,0.28526217085481576,0.28560421722261575,3.125,4K Seoul Walking Tour [ ILSAN LAKE PARK ] Beautiful Korea.mp4_3,1920x1080,76.06666666666666
0.741562196311191,0.5361101399857374,0.20692470530446708,0.7930752946955328,-2.168453642999092,9.677257737149203,0.2248172897678734,29.07860288610459,0.23420200891238055,7.2587117157828915,0.5045132972620632,0.30251180507171627,0.3038868420124223,1.5,4K Seoul Walking Tour [ ILSAN LAKE PARK ] Beautiful Korea.mp4_4,1920x1080,59.06666666666667
0.6832717742142632,0.5531161379424718,0.22363985468785227,0.7763601453121477,-1.1276766799699915,12.408870232490703,0.19376334962030795,25.507767855488797,0.32693734869258495,7.814136771409521,0.5210760611729259,0.2718261521805908,0.2755289799469792,2.4285714285714284,4K Seoul Walking Tour [ ILSAN LAKE PARK ] Beautiful Korea.mp4_5,1920x1080,60.333333333333336
0.6832717742142632,0.5531161379424718,0.22363985468785227,0.7763601453121477,-1.1276766799699915,12.408870232490703,0.19376334962030795,25.507767855488797,0.32693734869258495,7.814136771409521,0.5210760611729259,0.2718261521805908,0.2755289799469792,2.4285714285714284,4K Seoul Walking Tour [ ILSAN LAKE PARK ] Beautiful Korea.mp4_6,1920x1080,60.333333333333336
0.6745102279797052,0.5849891312336156,0.19492817171783466,0.8050718282821654,-3.0806153406113115,11.852614067255933,0.19468169091786502,25.614956879018777,0.3074541578988482,7.718948194939913,0.47326587392769603,0.24062899150769898,0.24177707203483872,2.0,4K Seoul Walking Tour [ ILSAN LAKE PARK ] Beautiful Korea.mp4_7,1920x1080,71.1
0.4821561192547423,0.5498513405889197,0.44562052454850604,0.5543794754514941,-2.9724772329853786,-1.9571576416313117,0.25460659804593005,30.54176900792158,0.2806919341541513,7.7206274785075575,0.5280795936430129,0.285470617766349,0.29029992412274136,1.7142857142857142,4K Seoul Walking Tour [ Olympics Park ] Mongchon Mud Castle.mp4,1920x1080,63.96666666666667
0.6163097867515093,0.6969894084879691,0.13730758105281943,0.8626924189471806,-8.393226597325484,17.068962323452748,0.1075218092793176,21.646124568158314,0.3265933527205534,7.565594938090794,0.47144842472096865,0.2258356570322604,0.2246980734905164,3.357142857142857,4K Seoul Walking Tour [ Olympics Park ] Mongchon Mud Castle.mp4_1,1920x1080,137.76666666666668
0.5318892357945402,0.5498431183392398,0.3989852456322245,0.6010147543677756,-3.02115428649441,1.4347536553541425,0.26798056882401344,32.40424156594668,0.22849703954954376,7.419928508594725,0.5107382146801622,0.30897905969434125,0.31008091348230193,1.5,4K Seoul Walking Tour [ Olympics Park ] Mongchon Mud Castle.mp4_10,1920x1080,92.13333333333334
0.5428276915031347,0.5408192212308066,0.40209077714329156,0.5979092228567084,-2.6892200028255147,1.5035059018422037,0.2765738613998743,32.51766257254616,0.22216027004232156,7.358850499162196,0.5069407339324621,0.3092110411707007,0.3101906761454656,1.875,4K Seoul Walking Tour [ Olympics Park ] Mongchon Mud Castle.mp4_11,1920x1080,70.66666666666667
0.6596459338831854,0.6506651765942065,0.19470009800023472,0.8052999019997652,-5.873133022506228,13.12353344427475,0.1668165285122082,15.309845399049673,0.2930603067614853,7.2932709572516625,0.43745407878943754,0.16213708880414696,0.16322421612690385,3.888888888888889,4K Seoul Walking Tour [ Olympics Park ] Mongchon Mud Castle.mp4_2,1920x1080,84.76666666666667
0.5776988868898647,0.6250849158656434,0.24861660041455272,0.7513833995854472,-5.0749535607752705,10.738795864187015,0.18590883032347483,25.887246755495173,0.3223874156032237,7.569423879519023,0.4756400627766539,0.2422160205751891,0.24297929815043237,2.0,4K Seoul Walking Tour [ Olympics Park ] Mongchon Mud Castle.mp4_3,1920x1080,67.96666666666667
0.5975054994228383,0.5847172588891976,0.2597352317085846,0.7402647682914153,-3.759683529525216,10.218987564971334,0.20473692095816715,24.734199343013092,0.38519829562040375,7.692660981371158,0.49397029888344235,0.2311718435349675,0.23545425072778928,1.4285714285714286,4K Seoul Walking Tour [ Olympics Park ] Mongchon Mud Castle.mp4_4,1920x1080,65.83333333333333
0.588179913069306,0.5996102918381138,0.30650258575285133,0.6934974142471486,-4.329193250488453,7.4164397479044455,0.2391544783953708,31.019376820428764,0.22786911432536763,7.224167230775398,0.4953759026372894,0.3046508651884679,0.30436124933624115,1.7142857142857142,4K Seoul Walking Tour [ Olympics Park ] Mongchon Mud Castle.mp4_5,1920x1080,65.8
0.6015881061734817,0.6447845912398409,0.2123414034863611,0.7876585965136388,-5.6847901449332605,13.757285906924839,0.17289426797941856,27.72186183244016,0.32196308721269384,7.512521532377546,0.4780860817706711,0.2607319774352497,0.2611658296942467,2.5714285714285716,4K Seoul Walking Tour [ Olympics Park ] Mongchon Mud Castle.mp4_6,1920x1080,63.166666666666664
0.646650691196126,0.6215883194086834,0.18196412159941916,0.8180358784005813,-5.824055289714173,14.109973610853345,0.18842621782744992,20.548022501848816,0.30372293442623777,7.436330826608519,0.4480291750959641,0.20109275070932767,0.2009154810104527,4.857142857142857,4K Seoul Walking Tour [ Olympics Park ] Mongchon Mud Castle.mp4_7,1920x1080,68.9
0.5348084419984913,0.7691104353006389,0.1998705106973311,0.800129489302669,-11.122536594004757,14.800127285103029,0.10775647238659827,14.123422737684852,0.3009911417027035,7.083688079241763,0.4125179230642875,0.14641764097993554,0.14477696835519635,5.571428571428571,4K Seoul Walking Tour [ Olympics Park ] Mongchon Mud Castle.mp4_8,1920x1080,64.13333333333334
0.6586043014090206,0.644138489240636,0.20511927589015327,0.7948807241098468,-5.800689888247126,10.596137042477467,0.17373776799723434,28.233661960899354,0.22821929549678746,6.992985563152859,0.5049158831742574,0.30244337862808607,0.301900714985316,2.4285714285714284,4K Seoul Walking Tour [ Olympics Park ] Mongchon Mud Castle.mp4_9,1920x1080,63.766666666666666
0.4685730593403307,0.47280619018545583,0.5677277126366752,0.4322722873633249,0.8753279042471269,-0.22861500835718754,0.26554077826457007,16.139585674734473,0.14634307056601928,7.255800631386001,0.43070113799120474,0.15925809704429492,0.16214617911613602,3.6666666666666665,"4K Virtual Walking Tour through Downtown Vancouver, Canada - City Walks.mp4",1920x1080,28.166666666666668
0.43524347176048145,0.396051927673069,0.7152113111942349,0.2847886888057651,1.2210670382658206,-2.1690800708858466,0.24347759888860473,23.380451237538963,0.14655800388332713,7.3752973636336145,0.42575932860284044,0.18949915408175,0.19133140685076155,1.5,"4K Virtual Walking Tour through Downtown Vancouver, Canada - City Walks.mp4_1",1920x1080,59.2
0.41392229793516094,0.35763101244344075,0.7598463416669843,0.2401536583330158,1.1415357615588237,-3.4864829364169423,0.1971968242129764,18.607253704018213,0.1434822175585491,7.398392466967852,0.4454866883964235,0.1776344269383887,0.17996807196076653,4.75,"4K Virtual Walking Tour through Downtown Vancouver, Canada - City Walks.mp4_10",1920x1080,34.56666666666667
0.49599785077955566,0.36575760376598476,0.6635179093208764,0.33648209067912394,1.233480032592524,-0.9096223915109802,0.26730899294006766,20.247668441084706,0.15471052600001228,7.452700531262206,0.429497622303165,0.1730923169447031,0.17583212534949255,5.25,"4K Virtual Walking Tour through Downtown Vancouver, Canada - City Walks.mp4_11",1920x1080,34.56666666666667
0.4596874594114204,0.37845399438467964,0.7050749701196724,0.29492502988032754,1.8025739571254027,-2.4585051857513367,0.24575228983623645,22.290641736664625,0.1471388669042174,7.58355997909022,0.4649503279320987,0.2073009859203972,0.20972263655794987,6.5,"4K Virtual Walking Tour through Downtown Vancouver, Canada - City Walks.mp4_12",1920x1080,34.3
0.3127773652349604,0.393426266217573,0.8532977868190409,0.14670221318095905,0.953759823027365,-5.801139918502012,0.1301550542624582,20.361375511257087,0.15856183043320762,7.446445411259295,0.4768003354968532,0.20241327079389243,0.20438395345805307,4.2,"4K Virtual Walking Tour through Downtown Vancouver, Canada - City Walks.mp4_13",1920x1080,42.13333333333333
0.3554212069035095,0.4139287599271008,0.7817820106508607,0.21821798934913939,0.9848302310167144,-3.5801418229493636,0.19859202716205648,19.43990187836993,0.15377758136447464,7.49272690069079,0.45778837915052856,0.1870058486914438,0.18897948972229237,5.666666666666667,"4K Virtual Walking Tour through Downtown Vancouver, Canada - City Walks.mp4_14",1920x1080,52.733333333333334
0.4482840503052061,0.4364453016039808,0.6442099909610246,0.3557900090389754,0.31970886670075627,-1.2310021109349505,0.27143850220047133,18.398562123350832,0.13456897061460507,7.414085123643344,0.4527966899787179,0.1856824610506731,0.1871133272894454,4.333333333333333,"4K Virtual Walking Tour through Downtown Vancouver, Canada - City Walks.mp4_15",1920x1080,51.4
0.47403136453981987,0.4206428237062867,0.6217007050862929,0.3782992949137066,-0.1919927368517113,-2.2485395585068377,0.2726049797434674,16.710225426216002,0.14260319940705646,7.350793451342563,0.47945714661250316,0.20169741255315726,0.20333407762642702,3.0,"4K Virtual Walking Tour through Downtown Vancouver, Canada - City Walks.mp4_16",1920x1080,19.4
0.5174273977056401,0.4629507423152323,0.5487196540378355,0.45128034596216465,-0.33532577326435486,-1.4173247709402892,0.288642852271979,17.404503650663628,0.1426348898999307,7.426206306787179,0.46738661441943025,0.19179901274284358,0.19352328511280684,8.0,"4K Virtual Walking Tour through Downtown Vancouver, Canada - City Walks.mp4_17",1920x1080,23.666666666666668
0.5725406117273657,0.3606881117802076,0.6221841374995841,0.3778158625004154,1.1668174948438879,-2.1867276708033985,0.32373823988786427,19.41867154722529,0.1253321429909998,7.446988901713173,0.4746628666384251,0.20455677541589154,0.20697770063509333,7.333333333333333,"4K Virtual Walking Tour through Downtown Vancouver, Canada - City Walks.mp4_18",1920x1080,25.6
0.5693439649502048,0.3840881194926137,0.6096580959890925,0.3903419040109076,1.931946839005293,-1.7031930445949106,0.3179857480841309,22.09318063875101,0.13930290096656422,7.565582301076962,0.45831254727971443,0.2025457742890527,0.20539421929466312,5.0,"4K Virtual Walking Tour through Downtown Vancouver, Canada - City Walks.mp4_19",1920x1080,39.5
0.5049063210710685,0.4165891993007618,0.6133956732231105,0.3866043267768895,1.6640732185493745,0.029263485404340206,0.2779030659476407,22.193678605019784,0.16155699660401374,7.54976163241915,0.4304656545971013,0.1829754828775832,0.18569655994691567,4.25,"4K Virtual Walking Tour through Downtown Vancouver, Canada - City Walks.mp4_2",1920x1080,32.733333333333334
0.5803523924687428,0.3871470701291002,0.5977297928177099,0.40227020718229023,2.132683518644023,-0.6506351165145203,0.31814525610335853,21.853507439336507,0.14950986380840747,7.537719705275498,0.4553883249364562,0.19821196648749717,0.20168880322194135,5.0,"4K Virtual Walking Tour through Downtown Vancouver, Canada - City Walks.mp4_20",1920x1080,42.733333333333334
0.6144075414412088,0.36685698895419244,0.5627061826161986,0.43729381738380146,2.079430616132129,-0.44748291584354044,0.3331337967756953,19.700978352180766,0.1406778418772818,7.4633123381222894,0.49799492278907437,0.22371550882339633,0.2271308805687826,4.333333333333333,"4K Virtual Walking Tour through Downtown Vancouver, Canada - City Walks.mp4_21",1920x1080,29.466666666666665
0.645598045016724,0.42377894844334696,0.46948786828463474,0.5305121317153652,1.8172205559660937,1.8688946638968753,0.31155773965559985,21.19045158135105,0.18166661317746585,7.47248046804873,0.40641000164533403,0.1604790787078228,0.16336555519166968,3.5,"4K Virtual Walking Tour through Downtown Vancouver, Canada - City Walks.mp4_22",1920x1080,32.766666666666666
0.5953174731075821,0.40974954705833727,0.550346601096675,0.449653398903325,1.8084771922285392,-0.8705362694709222,0.3157589636997954,19.4074474064396,0.1513587348254673,7.4395259903606785,0.43334305366436715,0.16926925638946969,0.17216750673457715,5.8,"4K Virtual Walking Tour through Downtown Vancouver, Canada - City Walks.mp4_23",1920x1080,41.86666666666667
0.42175679091321705,0.5202603326531672,0.548028640361859,0.45197135963814095,-0.5850702723790586,1.3652216451679107,0.24577755427262293,17.550970373128475,0.14704282703374005,7.343767527312357,0.41340726225868424,0.15797173326143021,0.1589859560175853,5.5,"4K Virtual Walking Tour through Downtown Vancouver, Canada - City Walks.mp4_24",1920x1080,38.233333333333334
0.5476026538017076,0.42187114709501794,0.5766037655659333,0.42339623443406643,0.7712174510578376,-1.1574203588953034,0.2975570274602801,19.85292900754788,0.14258679830176046,7.509643840363161,0.4592377242949649,0.19496113809914145,0.196917215197692,5.0,"4K Virtual Walking Tour through Downtown Vancouver, Canada - City Walks.mp4_25",1920x1080,39.0
0.48835369879840884,0.372957974721673,0.693205474893936,0.30679452510606386,2.0060551660397428,-2.204094598819458,0.27272980797271673,17.230125082392398,0.13324751887374922,7.2223010763298845,0.4036070250090777,0.1428063288348383,0.14610932707704571,2.0,"4K Virtual Walking Tour through Downtown Vancouver, Canada - City Walks.mp4_26",1920x1080,41.1
0.46963789582376964,0.41269273842983295,0.6474610941069362,0.35253890589306397,1.2925907494464393,-2.2077106050122866,0.268061187857992,20.218033653871643,0.12045679000592713,7.499704734449211,0.4630938839591907,0.20180933942441573,0.2038113447852901,6.833333333333333,"4K Virtual Walking Tour through Downtown Vancouver, Canada - City Walks.mp4_3",1920x1080,50.7
0.4820693421276161,0.37089368866816697,0.6814093960597932,0.3185906039402069,2.5774066507699427,-3.052792384702113,0.269806709721497,17.39018734594838,0.12335285379777039,7.3706154770998165,0.4965671296296297,0.21119024142283555,0.21551343016125724,3.0,"4K Virtual Walking Tour through Downtown Vancouver, Canada - City Walks.mp4_4",1920x1080,31.5
0.4056965517599168,0.3826045990280318,0.7745879354257673,0.22541206457423302,1.0491009185140279,-2.621664606547225,0.23327343111919635,18.85033457831334,0.11326601289010615,7.467661323438317,0.47074014123396274,0.20136478852834322,0.2032454114618689,3.25,"4K Virtual Walking Tour through Downtown Vancouver, Canada - City Walks.mp4_5",1920x1080,32.733333333333334
0.5130431732721301,0.29608547843756966,0.7110460764504029,0.2889539235495974,1.8180141653317659,-1.6925056119377295,0.2487162039741921,21.21740486111899,0.1378447632781394,7.428444069242793,0.3950423714496085,0.1563624112572386,0.15846038290019296,4.0,"4K Virtual Walking Tour through Downtown Vancouver, Canada - City Walks.mp4_6",1920x1080,29.2
0.44225704739476335,0.3136623698926033,0.772154445526982,0.2278455544730182,1.3323924506860048,-3.3933646293535205,0.19858800927367692,20.604881762609395,0.1192976738968931,7.3727221114057855,0.4911007549624786,0.22366760001119068,0.2261692250465023,2.6666666666666665,"4K Virtual Walking Tour through Downtown Vancouver, Canada - City Walks.mp4_7",1920x1080,25.433333333333334
0.474295524532872,0.3103986161966786,0.7472801379810717,0.2527198620189287,1.9094873207334029,-2.373532039172423,0.23533447802545213,17.53828283695606,0.11459015958915401,7.356898762500589,0.4790494325173485,0.20240777292956266,0.20485442313773952,2.0,"4K Virtual Walking Tour through Downtown Vancouver, Canada - City Walks.mp4_8",1920x1080,29.1
0.5249133324817774,0.32681515492649016,0.6644336123990139,0.3355663876009861,1.688689384023234,-0.7456547242725499,0.2622669931392418,18.001622641762758,0.14301657901565884,7.401508983235398,0.45352029245340103,0.18289471725760378,0.18546322722945058,3.8,"4K Virtual Walking Tour through Downtown Vancouver, Canada - City Walks.mp4_9",1920x1080,41.833333333333336
0.5221209252525137,0.606717758610482,0.37617712277645277,0.6238228772235475,-3.3281306353509548,4.235045418884779,0.254858595292793,16.91980276235392,0.14293369143517942,6.9498655038248955,0.3656957772595921,0.13404771782312347,0.13360699868388543,0.75,4K Virtual walking Vienna - Augarten Park (1).mp4,1920x1080,32.8
0.5228509395513226,0.41790824365197543,0.5702628899881955,0.42973711001180454,0.6850504871353347,0.6757217936307565,0.2959094795996673,21.959397968043497,0.12891289211821166,6.941289925543752,0.443358574554436,0.20789234070418044,0.2088523972930244,1.75,4K Virtual walking Vienna - Augarten Park (1).mp4_1,1920x1080,31.6
0.4840626029259329,0.6369330362038372,0.38663450991241244,0.6133654900875878,-4.002150959484473,4.897903257720193,0.23328519014523763,20.15474891920895,0.13997377120491467,7.057692971129457,0.4165188910826677,0.18231313388771034,0.1817507564927099,1.5,4K Virtual walking Vienna - Augarten Park (1).mp4_10,1920x1080,31.6
0.49704021122900555,0.4651090339432298,0.5634411354561155,0.43655886454388443,-0.29724654533902795,0.17026267402368658,0.2694152232550085,20.972354412458458,0.10003554815563953,7.016305095924311,0.43298557685033884,0.19164035115520328,0.19231558683826175,1.0,4K Virtual walking Vienna - Augarten Park (1).mp4_11,1920x1080,30.4
0.5274332659991987,0.4751195596427318,0.523849068371417,0.476150931628583,0.06774651329380721,-0.32458462208941685,0.28548834357045644,21.9275542290916,0.08467514079755784,7.004612108500996,0.3987223512958424,0.17288848040161145,0.17354676918118828,1.5,4K Virtual walking Vienna - Augarten Park (1).mp4_12,1920x1080,34.6
0.49381151048705324,0.5627491400171271,0.4551600952448487,0.5448399047551515,-1.0844716626245186,1.0232821077245382,0.2607506502761426,20.704121159311537,0.09408225196443953,7.07673239095514,0.37071255824860805,0.14999152030036098,0.15017662700518383,0.75,4K Virtual walking Vienna - Augarten Park (1).mp4_13,1920x1080,31.6
0.5814347724804683,0.4460110433594123,0.4786750616752937,0.5213249383247062,-0.0426774634936217,1.428997253920488,0.29982293830880247,18.626688862264583,0.11186343050112058,7.007345440049343,0.4005425167559308,0.15924436784579787,0.1599139977499473,2.0,4K Virtual walking Vienna - Augarten Park (1).mp4_14,1920x1080,31.4
0.5250923882276599,0.5606531373064949,0.4225590132680899,0.5774409867319102,-1.7507641818984139,2.664656408603709,0.2593063088153128,22.8288452102342,0.13058770801249509,7.088562731448695,0.3952485329104635,0.17632762785301723,0.17636724534727094,2.0,4K Virtual walking Vienna - Augarten Park (1).mp4_15,1920x1080,31.6
0.5389659466772576,0.5304010261606243,0.44389149485763185,0.5561085051423682,-0.8162138570088395,1.1469962009912553,0.274706761069456,21.912213787800454,0.1116423627334906,6.943249095091739,0.3513490353992677,0.14232837529388848,0.14271961267223773,1.5,4K Virtual walking Vienna - Augarten Park (1).mp4_16,1920x1080,34.0
0.5372424155200504,0.47984860931783535,0.5157119082756496,0.4842880917243505,-0.29896176382654904,-0.21625172098512677,0.29792979154385973,22.15961324957047,0.09703945486449773,6.6626533489805535,0.3077384533481603,0.11828663493941971,0.11860207488657336,0.5,4K Virtual walking Vienna - Augarten Park (1).mp4_17,1920x1080,19.0
0.5323313740313992,0.4947734581524757,0.4864629285109691,0.5135370714890309,-1.0669863381724691,1.5296942341490498,0.2813888903076798,22.822465196722934,0.10167652096195534,7.104971855056046,0.3914892003676471,0.17614079085562373,0.1763658172009845,1.5,4K Virtual walking Vienna - Augarten Park (1).mp4_18,1920x1080,31.0
0.43773881967190187,0.4912040158551242,0.5432276853457618,0.4567723146542381,-1.7596987013121803,-1.6928319816994004,0.26008079668252526,23.811316697772263,0.14103858885236947,7.268373280827652,0.5149810933150265,0.2608517828934327,0.2608492525484865,0.0,4K Virtual walking Vienna - Augarten Park (1).mp4_19,1920x1080,30.7
0.5145201325002721,0.3930254286379319,0.6140673687270484,0.38593263127295163,0.8974608753747522,0.4608948678751519,0.2833590084856192,24.330492412068047,0.12939828234453857,6.992493548190634,0.42805330976912365,0.20815545585147988,0.20897285099528246,2.0,4K Virtual walking Vienna - Augarten Park (1).mp4_2,1920x1080,30.8
0.45329394074511803,0.37375733333234473,0.6718570572359571,0.32814294276404277,0.8468092519493885,-1.5356433878002071,0.24295734000356817,21.93870627776352,0.09406713475470213,7.156267310900464,0.37914483541616223,0.16037280446631944,0.1606080509253515,1.0,4K Virtual walking Vienna - Augarten Park (1).mp4_20,1920x1080,29.566666666666666
0.5189803168163374,0.390779985322103,0.61894568048656,0.38105431951343993,1.202038371427202,-2.1370626235083128,0.30155696406799753,23.126848403119197,0.11847550663444631,7.091932977507371,0.39047321225944087,0.16925451735727948,0.16983785398606172,2.25,4K Virtual walking Vienna - Augarten Park (1).mp4_21,1920x1080,30.4
0.4443390958343627,0.3635239955572699,0.6989997867308779,0.3010002132691223,1.0299486417021124,-1.7481888651507873,0.23743416123270114,23.314781484793663,0.09680072045959598,7.2308217308496685,0.3948549198325164,0.17571566014517828,0.17610062630345913,2.0,4K Virtual walking Vienna - Augarten Park (1).mp4_22,1920x1080,32.833333333333336
0.38069468576639603,0.37685614077424895,0.7578220215517759,0.2421779784482242,0.5854661587417911,-2.4247098251898107,0.20132582561585388,21.64631920340668,0.07924858068198798,7.122320684468017,0.41919376172536893,0.18459223351553716,0.1847145781987706,1.0,4K Virtual walking Vienna - Augarten Park (1).mp4_23,1920x1080,32.833333333333336
0.48905316718243164,0.3274047371771991,0.7193221586437315,0.2806778413562686,0.9688237743815735,-1.6180639409315412,0.24567822595779215,15.43398465682353,0.06762771086508393,6.90411578056842,0.37491987979605435,0.13076988926259162,0.13123794486313514,1.4,4K Virtual walking Vienna - Augarten Park (1).mp4_24,1920x1080,49.53333333333333
0.523526298664722,0.3698708732852471,0.6392365641869089,0.36076343581309134,1.3587447973045221,-0.14888039488713828,0.2917698358899547,16.104490506044776,0.14614303717729724,6.907759121105988,0.3476635545267489,0.10958637034921855,0.11072398808436368,1.6,4K Virtual walking Vienna - Augarten Park (1).mp4_25,1920x1080,40.53333333333333
0.4579303706583886,0.44245548810067026,0.6308532785744276,0.36914672142557237,0.7182923015726324,0.17795962132867907,0.2642116257771717,16.00854682648989,0.1724055960948409,6.817594629247807,0.3570450750612745,0.11356792989640052,0.11464504938481504,1.75,4K Virtual walking Vienna - Augarten Park (1).mp4_26,1920x1080,34.2
0.5290975284485129,0.48455642537606647,0.5144081860157533,0.4855918139842468,-0.47284004070206603,0.1366689119502988,0.2910880847092224,23.148467290703607,0.10480486212672668,6.724192402288293,0.3207315330163702,0.13056588684434267,0.130865080012755,0.75,4K Virtual walking Vienna - Augarten Park (1).mp4_27,1920x1080,37.3
0.48116832171873847,0.4163921113106394,0.6388254670564839,0.3611745329435161,0.3777242574827923,-2.0648935217386035,0.25694110868900616,22.484332975473784,0.08516856002680298,7.113386200163497,0.4646523735362203,0.22842930253621943,0.2290027942078905,0.75,4K Virtual walking Vienna - Augarten Park (1).mp4_3,1920x1080,31.866666666666667
0.41703567647217105,0.41364295425243836,0.723906419305075,0.2760935806949252,0.6323495946963336,-2.6569337703939464,0.24250757156708086,26.14174249230288,0.0877606563406658,7.149440726669256,0.47154690478621997,0.2525898006045799,0.25329848307651487,1.0,4K Virtual walking Vienna - Augarten Park (1).mp4_4,1920x1080,30.633333333333333
0.45190083652392676,0.49599209344100886,0.5779118316949666,0.4220881683050332,-0.47318376163303066,-0.31563411882983694,0.24807621001326485,20.760435690399426,0.1264389306487574,7.327648107422381,0.4641460678407163,0.21278599607961807,0.213772104651766,1.75,4K Virtual walking Vienna - Augarten Park (1).mp4_5,1920x1080,31.2
0.4583246466814004,0.5269626419461184,0.5344847960014665,0.4655152039985334,-1.029170979788073,0.4571165758879029,0.2566853132570016,22.035270239295514,0.11434302219613254,7.375902714615041,0.46407680400478113,0.2230376455419178,0.22357450531664458,2.75,4K Virtual walking Vienna - Augarten Park (1).mp4_6,1920x1080,37.6
0.5183710724437292,0.4836909023654682,0.49944096448221165,0.5005590355177885,-0.5680608972918109,0.4791474908794287,0.2849883341710296,21.65627704894851,0.10538540866235988,7.293242301517862,0.4053600509107964,0.17734505566740663,0.1776876562224533,4.0,4K Virtual walking Vienna - Augarten Park (1).mp4_7,1920x1080,43.2
0.45727644706553583,0.37697746183197733,0.718909247626771,0.281090752373229,1.1014044837699186,-2.5283887813759636,0.2520092504156879,19.690386691934844,0.0797357654696082,7.272653766027904,0.46093102078794485,0.20623326016002286,0.20719324184702204,3.25,4K Virtual walking Vienna - Augarten Park (1).mp4_8,1920x1080,38.8
0.493752373694145,0.4732109304073894,0.5691989749722257,0.4308010250277741,-0.5278490433045345,-0.30140254098045033,0.2737805528171612,26.585270287469847,0.11011258379875316,7.273274196849414,0.487907423009713,0.2710589287936315,0.2716511000891779,1.25,4K Virtual walking Vienna - Augarten Park (1).mp4_9,1920x1080,39.766666666666666
0.5355301699908791,0.48465433329330054,0.4908399877965874,0.5091600122034126,3.2816584320261697,0.8581386263720665,0.28690678326519553,23.36568493786772,0.21829964326662638,7.573768880870091,0.479778641647916,0.21257355230648542,0.2241122574895569,2.0,9convert.com - Walking New York City on a Springlike Day Manhattan NYC Waking Tour,854x480,14.733333333333333
0.39604203579387715,0.5146826536995038,0.5791209376313231,0.4208790623686769,0.30140424166875135,-1.0266631060594356,0.24392744065271676,23.568208604071675,0.23567660123526468,7.711144034135414,0.5023987679088029,0.23699168889618302,0.24095451756039643,0.25,9convert.com - Walking New York City on a Springlike Day Manhattan NYC Waking Tour.mp4_1,854x480,31.633333333333333
0.42361316380234254,0.5102082708268696,0.5584992290512313,0.4415007709487687,0.4327847289959474,0.01418132430369079,0.25037139999820957,24.761562165314054,0.21443770493909936,7.739350386719735,0.5135878019240484,0.256589647510505,0.2600160732659011,1.0,9convert.com - Walking New York City on a Springlike Day Manhattan NYC Waking Tour.mp4_2,854x480,11.733333333333333
0.5341457262176095,0.48851577059805007,0.48016123560386015,0.51983876439614,1.6823910973639045,1.4608486638906972,0.2696280313227139,23.409124640903038,0.274368815673709,7.723024362475819,0.46787091407601294,0.20174541039212018,0.20772135108772977,2.0,9convert.com - Walking New York City on a Springlike Day Manhattan NYC Waking Tour.mp4_3,854x480,31.633333333333333
0.6942447518821515,0.52033750182211,0.2702580428777439,0.729741957122256,3.0086911428224794,9.117516797573956,0.22414013660653068,23.652650087204297,0.3032164457081689,7.756243627685112,0.4506788284530569,0.18929485189758663,0.19782545239792879,2.6666666666666665,9convert.com - Walking New York City on a Springlike Day Manhattan NYC Waking Tour.mp4_4,854x480,28.4
0.6202521498390063,0.5581428206267903,0.29414433794274253,0.7058556620572571,-3.97650315445319,7.7858973364245685,0.2826171463598208,18.112472190748075,0.17116433840640788,7.343314428908529,0.5225406236761682,0.2565998389463716,0.2557837706899142,3.25,"Binaural Walking Test 2 -- Pringle Park, Salem Oregon.mp4",1920x1080,38.63333333333333
0.6683251062760758,0.48737422220985127,0.29920409453826313,0.7007959054617372,-2.2224112731767827,7.244647653111256,0.30294928013654676,24.163436799826492,0.19763060439652186,7.644158026403104,0.49387605150084724,0.26396920202516705,0.2643533785613841,2.25,"Binaural Walking Test 2 -- Pringle Park, Salem Oregon.mp4_1",1920x1080,32.46666666666667
0.6057777773414368,0.6347756019175634,0.23515868239525775,0.7648413176047424,-8.942452982069577,14.783526128577813,0.21569801256462773,19.194300770961753,0.25963574682035373,7.530197887777618,0.5420756781802225,0.27833404363917713,0.277034882851433,3.0,"Binaural Walking Test 2 -- Pringle Park, Salem Oregon.mp4_2",1920x1080,43.266666666666666
0.7506874670881981,0.42126188892218,0.3663590225073367,0.6336409774926633,3.960207245328558,4.876510871206743,0.31012049164846206,25.457484458704915,0.3044432117375513,7.660025077341888,0.42564679815470446,0.18601307415905402,0.19070124042193018,2.1666666666666665,"Paris, France - Crowded streets during weekend [4K].mp4",1920x1080,52.53333333333333
0.7798444160982114,0.36735858645096364,0.3951439683908478,0.6048560316091519,3.8153588838717765,3.109206540884071,0.3640918930887107,18.79609433564069,0.3300373970560277,7.159975069756227,0.28914645250847243,0.08239202246912194,0.0851425836686817,3.6,"Paris, France - Crowded streets during weekend [4K].mp4_1",1920x1080,47.86666666666667
0.8093735665876294,0.39696799989090903,0.3274823745872022,0.6725176254127979,4.474379268046318,4.352050291242806,0.37042367146002286,26.270751899530786,0.24872208013647845,7.60309576112022,0.41677898719287115,0.1846614734229031,0.19011183290597283,2.0,"Paris, France - Crowded streets during weekend [4K].mp4_10",1920x1080,32.6
0.8313626157125609,0.4243459953121955,0.2999249045040761,0.7000750954959235,6.477734070502749,7.843530120311737,0.2901808545237996,22.88359984455196,0.4260171731988961,7.463830832197608,0.3675453095686576,0.12594521851696971,0.13333418418117038,2.5,"Paris, France - Crowded streets during weekend [4K].mp4_11",1920x1080,32.13333333333333
0.7457022849978543,0.45437888761133527,0.31936630527165144,0.6806336947283486,3.447933337696459,6.287287595027781,0.30691551548677926,26.696555088328566,0.36378387048448546,7.699455359309461,0.44834949448529404,0.1986701908532032,0.20535872764483867,1.5,"Paris, France - Crowded streets during weekend [4K].mp4_12",1920x1080,32.03333333333333
0.7581686904288099,0.417671520330108,0.3578982134472597,0.6421017865527409,2.7258188768134755,4.23822697948224,0.34415550087278085,24.85539363457719,0.42322446471049224,7.347810290524484,0.3239154009887133,0.12085949847887331,0.12445717757399034,2.75,"Paris, France - Crowded streets during weekend [4K].mp4_13",1920x1080,31.133333333333333
0.7666085251667676,0.4171539679001423,0.348224323523395,0.6517756764766048,4.4809465290998505,5.735215397835319,0.3409951950409995,25.738773551544625,0.3214490963586274,7.733998534252021,0.4206267260247721,0.17645522243578315,0.18294467711956242,3.3333333333333335,"Paris, France - Crowded streets during weekend [4K].mp4_14",1920x1080,29.966666666666665
0.5469320329440274,0.481884719317397,0.47749444553303216,0.5225055544669676,1.485865892174158,2.0355116038413197,0.27317644497672117,23.844053392847638,0.2741240455256316,7.55435768432648,0.618815795711289,0.3283606180352723,0.3350674015472454,2.0,"Paris, France - Crowded streets during weekend [4K].mp4_15",1920x1080,26.0
0.8158380038555219,0.4227553255521562,0.3058537552034886,0.694146244796511,5.305342196237345,6.79162719470624,0.31127682431586806,25.30513717871574,0.32484949620031356,7.771388330271637,0.46220286666364085,0.20238341153371237,0.2107061776430097,6.0,"Paris, France - Crowded streets during weekend [4K].mp4_2",1920x1080,45.5
0.7904047602364251,0.4230385200025871,0.3285183476904635,0.6714816523095364,4.892787781416356,5.89833369743519,0.3118474511841984,23.88640994232278,0.3238663927007376,7.71099183605951,0.4413947814542484,0.17928701337851868,0.1862076989430578,2.2,"Paris, France - Crowded streets during weekend [4K].mp4_3",1920x1080,44.6
0.649041020049447,0.5154586686408585,0.32363859022703245,0.6763614097729675,1.2793561981168706,7.623706776901329,0.2421115290692162,20.793559890147183,0.32813361273327524,7.646186517059414,0.5768838535993099,0.2726123906200685,0.28045684367765805,2.25,"Paris, France - Crowded streets during weekend [4K].mp4_4",1920x1080,39.7
0.6030303294718736,0.36939747616306395,0.5603939484676096,0.4396060515323904,1.876648583666153,-1.198244149146024,0.3129896360170994,23.27370457411238,0.2702962063899085,7.450907053082842,0.3316556533300049,0.12258387626126149,0.12508061959581127,4.25,"Paris, France - Crowded streets during weekend [4K].mp4_5",1920x1080,38.13333333333333
0.8008453631832001,0.41298444406206936,0.3213621527578442,0.6786378472421557,4.031630396128234,5.255735231303756,0.34295581699115507,22.646743898455625,0.3398205530997723,7.360915696279298,0.3481294130885378,0.1249179412439703,0.12907613690280811,3.5,"Paris, France - Crowded streets during weekend [4K].mp4_6",1920x1080,35.8
0.7637010185192399,0.3654073519519536,0.41195337415824973,0.5880466258417498,3.5854654012637335,2.7479951564785905,0.35950811911465086,18.88461880185744,0.32209122708311777,7.148515932686083,0.2922191878101548,0.08470910350316574,0.08732286394227595,2.5,"Paris, France - Crowded streets during weekend [4K].mp4_7",1920x1080,35.43333333333333
0.707540968511521,0.40010621691944925,0.40911122895447216,0.5908887710455277,0.7255407923585221,4.191020206679484,0.35827593612257824,20.385595977850123,0.447323215454058,6.764750045134839,0.21146378562999274,0.06372427759122054,0.06473788797338878,2.5,"Paris, France - Crowded streets during weekend [4K].mp4_8",1920x1080,34.63333333333333
0.5460896392784853,0.4996817365566764,0.4484275729495477,0.5515724270504524,0.43747770198335384,3.032164187825726,0.2624704828532926,22.505314586567287,0.2806950525504055,7.542252456726044,0.6182134234673808,0.3253838068626147,0.33108945577824545,1.25,"Paris, France - Crowded streets during weekend [4K].mp4_9",1920x1080,34.56666666666667
0.7312615023383776,0.4320706811778883,0.3873661974999208,0.6126338025000789,2.6835374964449357,3.4832321276248606,0.25654704538943846,17.188433453449687,0.23959013944415136,6.270197378772868,0.4516777174218452,0.22967899721349916,0.23567490878821676,2.2857142857142856,"Paris, France - Crowded streets during weekend [4K]_1",1920x1080,65.6
0.5741010594573178,0.3803339751088384,0.5744766692810293,0.4255233307189705,4.277278843140991,-2.943855154323322,0.32768757420052164,32.594502911585465,0.22013023016295175,7.675197070574136,0.5810018136498425,0.359305291228548,0.3656545507503902,6.0,"Santa Monica Walking Tour in Los Angeles, California USA [4K].mp4",1920x1080,30.233333333333334
0.5706953538878579,0.4562585980773767,0.46306517286532956,0.5369348271346706,0.9666945283169538,0.1822146649982631,0.30634300056675945,28.07345694431804,0.22846356537844167,7.680866346653662,0.5773628396574679,0.32044474429418524,0.3274734472581343,1.25,"Santa Monica Walking Tour in Los Angeles, California USA [4K].mp4_1",1920x1080,32.8
0.6595600239898702,0.4641448548983407,0.3864660448910919,0.6135339551089083,4.368160593168932,9.018920474920856,0.31850969208243135,26.157050301218725,0.3369630675903005,7.707986691639097,0.56296484375,0.2882339964691685,0.30060061593224074,3.5,"Santa Monica Walking Tour in Los Angeles, California USA [4K].mp4_10",1920x1080,33.333333333333336
0.595836067822909,0.4416045509893406,0.47489210117170777,0.5251078988282922,4.309992414016143,3.3932832697968847,0.3257593840661817,29.430831859251466,0.30052514044779965,7.734387666592232,0.5644892868895242,0.3093869652999544,0.32013445325422807,1.75,"Santa Monica Walking Tour in Los Angeles, California USA [4K].mp4_11",1920x1080,39.233333333333334
0.5470476155273893,0.4600590046263063,0.49957953376606684,0.500420466233933,0.8630114371357072,1.2575459037975443,0.29863758175275573,25.42613343895998,0.187310314072046,7.710404518685182,0.5328893607404381,0.28485863473733475,0.2873383526630825,2.75,"Santa Monica Walking Tour in Los Angeles, California USA [4K].mp4_12",1920x1080,36.5
0.45738323988026774,0.45381379548070033,0.600595774473526,0.39940422552647414,1.1473709441352822,0.3208487386077735,0.2789828192681645,28.348172955117295,0.2051495302830899,7.663956275401684,0.5311468772694264,0.2926419860764657,0.29706615440072137,3.25,"Santa Monica Walking Tour in Los Angeles, California USA [4K].mp4_13",1920x1080,39.0
0.5249551843230469,0.4190574024161411,0.5712256068503645,0.4287743931496355,1.8162884251738483,-1.0432449853116568,0.3063589849429008,24.505259001605143,0.15158187094302128,7.551685095939188,0.5536994471110201,0.2995169594887816,0.30330359152508224,3.0,"Santa Monica Walking Tour in Los Angeles, California USA [4K].mp4_14",1920x1080,33.36666666666667
0.47636224338094413,0.43771202958650013,0.6126765620573963,0.3873234379426036,0.3757992367132932,-1.9763648696637766,0.282077165730362,27.08565940941284,0.16847445360364469,7.434026267473508,0.536391060918966,0.3009824210943395,0.3029932385297237,5.0,"Santa Monica Walking Tour in Los Angeles, California USA [4K].mp4_15",1920x1080,33.0
0.4681573897754938,0.44119054829779003,0.6115759236036853,0.3884240763963148,1.7828877367985678,-2.2864798659790218,0.282126639109491,27.325442795949428,0.21844891919934672,7.413199969078063,0.521110896461208,0.2778114764686153,0.2820034070164219,3.25,"Santa Monica Walking Tour in Los Angeles, California USA [4K].mp4_16",1920x1080,36.5
0.43889639624338006,0.43452559888605424,0.6484473652715006,0.35155263472849957,0.9875212336694018,-2.561525291237743,0.2714859642133572,25.398337841052864,0.16895950444808433,7.381381717017602,0.5202395890068988,0.2724882711956331,0.27497283960472835,5.25,"Santa Monica Walking Tour in Los Angeles, California USA [4K].mp4_17",1920x1080,31.8
0.43418186731798425,0.4669622091215559,0.6136973015483552,0.3863026984516448,0.0033063196672077355,-1.7063680702230324,0.2676527802516777,25.04533631440469,0.19487849140088023,7.578093629965763,0.5327408003131808,0.27898784492148476,0.2813915995227485,5.75,"Santa Monica Walking Tour in Los Angeles, California USA [4K].mp4_18",1920x1080,31.266666666666666
0.48676845917908523,0.43745522235916956,0.5919947529997643,0.40800524700023566,1.9432808823245673,-1.8178986146660683,0.2950963058335185,25.785983465522328,0.2052360791543056,7.521578844238883,0.5210616591775599,0.26652534496441527,0.27165945662009683,3.8,"Santa Monica Walking Tour in Los Angeles, California USA [4K].mp4_19",1920x1080,40.63333333333333
0.6664328350645804,0.450059199322602,0.391053065943226,0.608946934056774,4.524869479709825,7.2569338780115045,0.32267424417728685,26.238919977896913,0.33213376416738016,7.84338358793082,0.6165228994568507,0.31930624579140543,0.33576066049767217,2.0,"Santa Monica Walking Tour in Los Angeles, California USA [4K].mp4_2",1920x1080,34.0
0.47400212945877,0.44927296435555675,0.5909120702013905,0.4090879297986096,0.8710405125189978,-1.8499038549921973,0.2886414712164077,24.627668020688162,0.1994862213373674,7.550240222266462,0.5198719485672356,0.26137006549740216,0.2641815901185718,4.0,"Santa Monica Walking Tour in Los Angeles, California USA [4K].mp4_20",1920x1080,30.466666666666665
0.4749603083305366,0.4330406582135993,0.6182683080703921,0.3817316919296079,1.9754647963743757,-2.113987768752173,0.2789367464562156,23.333924809060683,0.21751287442226797,7.579103946138439,0.5253964531703885,0.25105745468026974,0.2567244430164639,4.5,"Santa Monica Walking Tour in Los Angeles, California USA [4K].mp4_21",1920x1080,33.36666666666667
0.4589317174343457,0.4516188221305789,0.5991828230898543,0.40081717691014573,0.007463898701742133,-1.4961712665311546,0.2807278471170126,26.2055715074468,0.19518089401938438,7.59846363261523,0.5288239790418482,0.2806385465704031,0.2833741323883978,1.0,"Santa Monica Walking Tour in Los Angeles, California USA [4K].mp4_22",1920x1080,31.266666666666666
0.5580219301080194,0.44226506096760715,0.5072203385815588,0.4927796614184411,1.0993276619064107,-0.0842366099332611,0.3076332923901457,25.778505645155903,0.20750306488493608,7.44357369215283,0.5144956318271907,0.26535305309158974,0.2692948398663154,5.5,"Santa Monica Walking Tour in Los Angeles, California USA [4K].mp4_23",1920x1080,31.666666666666668
0.6143616618324212,0.39448391623158435,0.5140238685095025,0.4859761314904974,2.043090446212423,-1.00322493002832,0.33996900776795336,28.558306749856996,0.19120971548586055,7.174374372504052,0.5144693409964294,0.28555766559567797,0.28963029607006835,3.5,"Santa Monica Walking Tour in Los Angeles, California USA [4K].mp4_24",1920x1080,35.43333333333333
0.43290728916837007,0.4368187717448019,0.6490259339757467,0.35097406602425363,1.4337998454774357,-3.407564598367717,0.2621495145982584,30.356444787668206,0.19403232770039544,7.604379919537417,0.592943017542665,0.364223259068137,0.367754055570877,4.0,"Santa Monica Walking Tour in Los Angeles, California USA [4K].mp4_25",1920x1080,34.4
0.5623826208588396,0.3957984594757245,0.5662412417468029,0.433758758253197,2.762778909020845,-2.7748867408039244,0.32543398705387583,32.48682536084764,0.19505310335067,7.657248048928561,0.580034026737624,0.36464964198382077,0.3686917138700579,3.0,"Santa Monica Walking Tour in Los Angeles, California USA [4K].mp4_26",1920x1080,36.5
0.5980912783366693,0.3740084601472353,0.5471596244754262,0.45284037552457373,4.880231750209433,-1.6398239580218856,0.329560997646954,34.19749096149053,0.24709667435950955,7.655167983627376,0.5662947483584482,0.35368583051312186,0.3603753600861484,3.0,"Santa Monica Walking Tour in Los Angeles, California USA [4K].mp4_27",1920x1080,37.53333333333333
0.5738822983481997,0.3603728598269122,0.6113795791659988,0.3886204208340013,4.913595878001083,-4.598234245424658,0.3206439130415196,36.25628200085424,0.28103426098402734,7.196486771957775,0.5489995016718108,0.351744372046401,0.3585822976517498,4.25,"Santa Monica Walking Tour in Los Angeles, California USA [4K].mp4_28",1920x1080,30.2
0.660752422166528,0.45551314900225404,0.3935139391064232,0.6064860608935765,4.764268047030672,7.891161330860275,0.3054232691774353,24.6553971354852,0.3708810267030541,7.872190567485049,0.6283484538587814,0.31029782690167407,0.32858880656294703,4.25,"Santa Monica Walking Tour in Los Angeles, California USA [4K].mp4_3",1920x1080,36.43333333333333
0.6590941991001563,0.5050758533077178,0.3198330559660928,0.6801669440339071,1.5923963786563684,11.284252664327406,0.28299405594617083,28.104919418991123,0.2999575811740501,7.743817798215559,0.5649115907165334,0.3123671933851472,0.3221722872691372,4.0,"Santa Monica Walking Tour in Los Angeles, California USA [4K].mp4_4",1920x1080,43.8
0.6469787484314475,0.5051550614685663,0.3388162944448304,0.6611837055551696,1.6919218721157856,9.56419994443012,0.28050652690003486,26.8771044950126,0.30268568625551195,7.805208149872491,0.57183796012618,0.3071880440088474,0.316739707242199,2.0,"Santa Monica Walking Tour in Los Angeles, California USA [4K].mp4_5",1920x1080,33.9
0.6406093296438721,0.533076603314481,0.30695867996185316,0.693041320038147,1.0114961902741892,11.571806083646152,0.25876731675629466,26.386610976550788,0.3033758163812815,7.743616131708182,0.5707666920085935,0.30925515224300215,0.3183720953502037,5.0,"Santa Monica Walking Tour in Los Angeles, California USA [4K].mp4_6",1920x1080,40.666666666666664
0.6640886655014567,0.5239373700971617,0.28765129412862084,0.7123487058713794,0.40126878151015954,13.568112478158913,0.2691125262931996,26.26948940045758,0.34031947313169153,7.6854448803566715,0.5709806559776688,0.3112833419584932,0.31947513127003113,5.5,"Santa Monica Walking Tour in Los Angeles, California USA [4K].mp4_7",1920x1080,31.433333333333334
0.6332280328504044,0.4874050426695343,0.3751050977631658,0.6248949022368342,2.0129428628035946,6.163539853365573,0.2869280514599435,27.09590262308071,0.26834668675938145,7.675833789033543,0.5778267567250666,0.3191711670860169,0.3267751171325275,2.75,"Santa Monica Walking Tour in Los Angeles, California USA [4K].mp4_8",1920x1080,36.0
0.6383960906926096,0.4606918029662953,0.4114875825445591,0.588512417455441,3.6216713790565924,4.3412822611807425,0.31051122112577045,24.17533568595161,0.32428172653286025,7.853244989409339,0.6254738235861474,0.31364512914046977,0.3293646124754189,4.25,"Santa Monica Walking Tour in Los Angeles, California USA [4K].mp4_9",1920x1080,31.266666666666666
0.4923344976684688,0.3947025353892133,0.6394353877150876,0.36056461228491243,1.866883078525989,-2.1692858375532857,0.28426736340590675,27.23620574439621,0.18172997553061954,7.728143778302937,0.4994905426387375,0.2604688722260099,0.2647445352656584,4.25,Walking in AMSTERDAM _ Netherlands - 4K 60fps (UHD).mp4,1920x1080,70.5
0.5354656869007838,0.38327882785828193,0.613421672940177,0.38657832705982303,1.6331285101572632,-2.135479876516264,0.3056176293441602,31.099143464778262,0.1857846399626061,7.494604952574292,0.4613268538060799,0.2591390497315293,0.2613963475539055,3.6666666666666665,Walking in AMSTERDAM _ Netherlands - 4K 60fps (UHD).mp4_1,1920x1080,59.766666666666666
0.560677882253899,0.49075337373425626,0.46247936352533314,0.5375206364746669,-0.8294078524870496,3.4071011032658314,0.2904234652673141,26.37025421870319,0.20854221654310143,7.560174327972197,0.47724971470069505,0.24867962891779197,0.2508397323100161,3.7142857142857144,Walking in AMSTERDAM _ Netherlands - 4K 60fps (UHD).mp4_10,1920x1080,67.66666666666667
0.48774642924709116,0.42127506649364976,0.6180072374445724,0.3819927625554276,0.701671712292835,-0.9967294950903793,0.28079197215760826,26.34324004363425,0.15590251013800455,7.4384622330315295,0.5102418459040637,0.2765421881659076,0.2783773949744529,7.125,Walking in AMSTERDAM _ Netherlands - 4K 60fps (UHD).mp4_11,1920x1080,75.3
0.5682584843977156,0.4659105943765279,0.4602837595956121,0.5397162404043879,-0.33661963367980735,4.144072573211824,0.30657352202500543,29.782222625826517,0.2596910899424795,7.599830793204679,0.49944926390212724,0.2812181531516963,0.2840856221178836,2.625,Walking in AMSTERDAM _ Netherlands - 4K 60fps (UHD).mp4_12,1920x1080,73.66666666666667
0.45155743670985377,0.4356075950526792,0.6597770671956569,0.3402229328043434,1.0311809416064723,-3.7565398951543263,0.26517889198782957,27.46911030730892,0.2155822091547201,7.321672280099065,0.5308023467488848,0.2896723832161063,0.29282755026253277,5.142857142857143,Walking in AMSTERDAM _ Netherlands - 4K 60fps (UHD).mp4_13,1920x1080,68.73333333333333
0.4481898353963416,0.38861250725793006,0.7060138697181257,0.29398613028187426,1.9196893656354197,-4.1726368578695645,0.2612055641771561,26.609283312239285,0.16758607290317304,7.573849354527969,0.49505476007436156,0.25309509670579755,0.25625410617326255,2.625,Walking in AMSTERDAM _ Netherlands - 4K 60fps (UHD).mp4_14,1920x1080,78.56666666666666
0.6192776196840308,0.3521329292584286,0.562086277551863,0.43791372244813703,2.6636474504371037,-0.49208260343852955,0.34099676627756914,27.445935086403722,0.15238987374976443,7.475979128744863,0.44463686396626556,0.22731032442037305,0.23009028810720297,2.857142857142857,Walking in AMSTERDAM _ Netherlands - 4K 60fps (UHD).mp4_15,1920x1080,63.86666666666667
0.5785532380417729,0.3616480612686251,0.6042702552876431,0.395729744712357,3.204150995406122,-1.3443229649854342,0.3191062134136991,29.0838572973829,0.2068893672608673,7.454835405277578,0.48276732869073546,0.25993643639292785,0.2647773636574648,5.0,Walking in AMSTERDAM _ Netherlands - 4K 60fps (UHD).mp4_16,1920x1080,65.23333333333333
0.4924867980312261,0.41972100642971677,0.6306938229398196,0.3693061770601806,1.2308469441155663,-3.058406682188688,0.29482516334604003,26.735813601089387,0.17414853015165238,7.215074450164307,0.5339135227547809,0.2925062824800633,0.295464113014647,2.3,Walking in AMSTERDAM _ Netherlands - 4K 60fps (UHD).mp4_17,1920x1080,91.36666666666666
0.5849547216039129,0.3423274911373732,0.6178541889406554,0.38214581105934453,2.8634810502102503,-1.6127068759704397,0.3232377990522603,31.396569677986893,0.18360493877387055,7.394438448513142,0.46808397780837285,0.2670420607347653,0.27058462812726675,3.4444444444444446,Walking in AMSTERDAM _ Netherlands - 4K 60fps (UHD).mp4_2,1920x1080,81.56666666666666
0.5428818886719725,0.40223424168548527,0.5948089885830198,0.4051910114169802,2.2239478772933143,-1.6610427365849902,0.3084424963458017,29.188019465409845,0.19423128112243018,7.437049946590643,0.46869831878063734,0.25233290162628313,0.25529286464997075,5.125,Walking in AMSTERDAM _ Netherlands - 4K 60fps (UHD).mp4_3,1920x1080,75.03333333333333
0.461219158847456,0.40806155153470297,0.6552530089849598,0.34474699101504036,1.1024809154544377,-3.193365034665181,0.27264106233991475,27.518830537238795,0.17187336769774803,7.603520131836979,0.542242921010997,0.3081448061855836,0.3102147128723525,2.857142857142857,Walking in AMSTERDAM _ Netherlands - 4K 60fps (UHD).mp4_4,1920x1080,61.266666666666666
0.5879374631424438,0.35654516265166575,0.6051717089262914,0.3948282910737086,3.475053497692643,-1.1280722456298797,0.3271656772919257,30.398323096982477,0.1777120553164124,7.4607195452436645,0.5110694536302175,0.294263460310433,0.29908798036408196,4.857142857142857,Walking in AMSTERDAM _ Netherlands - 4K 60fps (UHD).mp4_5,1920x1080,64.93333333333334
0.5796901378165271,0.3693010087450328,0.5799067904542559,0.42009320954574403,2.101923950048351,-1.2982497948281164,0.3227885616512886,29.690190571901958,0.1644545545479834,7.34568662998159,0.45610085438496356,0.251240771383162,0.25343446194385694,4.0,Walking in AMSTERDAM _ Netherlands - 4K 60fps (UHD).mp4_6,1920x1080,63.7
0.46251854959875016,0.504005993950179,0.538506070054218,0.461493929945782,-1.467418252707265,2.1976096085042376,0.26783899779147824,27.63162136334611,0.21646576788225036,7.503508242248377,0.47586594444876723,0.2548664945494294,0.25601950571325544,6.142857142857143,Walking in AMSTERDAM _ Netherlands - 4K 60fps (UHD).mp4_7,1920x1080,64.6
0.4730431347714744,0.4689526511476626,0.565068750906316,0.4349312490936841,0.4370213590080031,0.26112071087816036,0.27750637805538997,31.858307769793104,0.24649369378048439,7.6361752545122,0.5625900951429956,0.3406238251275891,0.3446578657548715,2.7142857142857144,Walking in AMSTERDAM _ Netherlands - 4K 60fps (UHD).mp4_8,1920x1080,68.76666666666667
0.3851071219280162,0.4880746951144258,0.65172844411076,0.3482715558892398,-1.5668683833793007,-1.7522324547542887,0.22971829160967833,27.602502339096624,0.2091495578567513,7.35441354380964,0.5017101429644002,0.27260344564448963,0.2734663061074045,6.0,Walking in AMSTERDAM _ Netherlands - 4K 60fps (UHD).mp4_9,1920x1080,78.56666666666666
0.5332919787082927,0.3869844141508148,0.6430122783147748,0.35698772168522513,1.8045153892410253,-1.5393911652682708,0.30808505175780043,30.784501576360906,0.1809706897343125,7.0355799623820685,0.449524107521095,0.25473194280039263,0.25681155707872844,3.7142857142857144,Walking in GEORGETOWN _ Penang (Malaysia)  - Jetties and Old Centre - 4K 60fps (UHD).mp4,1920x1080,68.9
0.6879010161678585,0.3529604101151493,0.4806770330465608,0.5193229669534392,3.717914714252341,1.4388505896152455,0.36210788169669395,27.389486517337236,0.26992879864800806,7.351080018111456,0.3455240245789672,0.15410921441803493,0.1594438216940754,4.285714285714286,Walking in GEORGETOWN _ Penang (Malaysia)  - Jetties and Old Centre - 4K 60fps (UHD).mp4_1,1920x1080,62.266666666666666
0.6005474838779508,0.3723442468908121,0.5425653319612327,0.4574346680387673,1.5273414427937693,0.4572766296856904,0.3247343876582405,27.876469129263022,0.1383618435519351,7.594526277463668,0.5037835846722948,0.280446276183967,0.2828440747452776,3.0,Walking in GEORGETOWN _ Penang (Malaysia)  - Jetties and Old Centre - 4K 60fps (UHD).mp4_10,1920x1080,71.6
0.6353893090002186,0.36702666082319796,0.5538031795713066,0.44619682042869335,3.8796340246369176,0.6471253538138431,0.35013653137174355,31.691714517476406,0.19721759830699281,7.075072582937156,0.5147038949839194,0.3092316908784668,0.3158228791769826,2.4285714285714284,Walking in GEORGETOWN _ Penang (Malaysia)  - Jetties and Old Centre - 4K 60fps (UHD).mp4_11,1920x1080,69.56666666666666
0.5737802278541363,0.40667041516852065,0.5496497295463799,0.4503502704536203,1.5726076791595447,0.6235966737749267,0.31645500411879246,28.205738183447213,0.16625581273750628,7.581146506422093,0.4580019606222119,0.2427966906486927,0.24542286078844874,8.571428571428571,Walking in GEORGETOWN _ Penang (Malaysia)  - Jetties and Old Centre - 4K 60fps (UHD).mp4_12,1920x1080,68.9
0.6109388317662305,0.38458277151175013,0.5453386629449356,0.4546613370550645,1.711716345867772,0.634888810083066,0.33909029581283423,30.57240889556187,0.167880000588098,7.306308785602603,0.4412600984741891,0.2483604314328053,0.25068872733190106,3.625,Walking in GEORGETOWN _ Penang (Malaysia)  - Jetties and Old Centre - 4K 60fps (UHD).mp4_13,1920x1080,76.33333333333333
0.48572418171582477,0.39489207701930074,0.6317533468774735,0.3682466531225266,1.2110935663984757,-1.3608842625815731,0.28411043913504386,28.574934198255466,0.16853772160290223,7.584482907484804,0.3932107744375185,0.19484889627105226,0.19631785645605904,2.7777777777777777,Walking in GEORGETOWN _ Penang (Malaysia)  - Jetties and Old Centre - 4K 60fps (UHD).mp4_14,1920x1080,81.06666666666666
0.6552071572478888,0.38604349482032885,0.49383212148675626,0.5061678785132435,2.7304661692537113,-0.5056993988487233,0.35111183246892597,28.198548384230048,0.18500169609485437,7.60439337779539,0.4461282959214208,0.22837369235993954,0.23161276735391567,3.7777777777777777,Walking in GEORGETOWN _ Penang (Malaysia)  - Jetties and Old Centre - 4K 60fps (UHD).mp4_2,1920x1080,87.5
0.6642895658877679,0.4235905340718536,0.4294218835500737,0.5705781164499263,1.3414926881569895,2.4327584243562526,0.341869261974339,29.81445822301748,0.16848471605009246,7.614522643395424,0.49883999112762384,0.29024355165651405,0.29236678099970176,2.0,Walking in GEORGETOWN _ Penang (Malaysia)  - Jetties and Old Centre - 4K 60fps (UHD).mp4_3,1920x1080,63.93333333333333
0.6376367353393521,0.4196101659628247,0.4660235565048332,0.5339764434951667,1.2473739195650206,0.8949742724367528,0.34066932506989417,30.221090803309078,0.1405004153511309,7.702849390747644,0.5211943577199398,0.3151475473715514,0.31737039552835117,2.0,Walking in GEORGETOWN _ Penang (Malaysia)  - Jetties and Old Centre - 4K 60fps (UHD).mp4_4,1920x1080,66.43333333333334
0.5804747330629679,0.4449666734270303,0.48976641606893656,0.5102335839310634,1.2068991598286303,1.5391360561874112,0.3207053866602694,29.862930197667914,0.15402700202291195,7.749866073604009,0.5448831999234881,0.3350361508788941,0.3373137968619791,1.8571428571428572,Walking in GEORGETOWN _ Penang (Malaysia)  - Jetties and Old Centre - 4K 60fps (UHD).mp4_5,1920x1080,64.8
0.61129217035975,0.37483267350379307,0.5467431021974402,0.45325689780255995,1.1231231567191204,0.096110122630981,0.3438695294475819,32.68889902073452,0.12282672956580766,7.292342190286139,0.4906494944042431,0.31000345859751655,0.31136675948921966,3.2857142857142856,Walking in GEORGETOWN _ Penang (Malaysia)  - Jetties and Old Centre - 4K 60fps (UHD).mp4_6,1920x1080,68.43333333333334
0.6101263097014181,0.44412496649242844,0.46281479337659764,0.5371852066234025,0.9869895267818044,0.822105659409675,0.319668726947039,29.418087449253473,0.15807041570289024,7.746730423981593,0.51390628971496,0.29980862254031876,0.3020667749495884,2.5714285714285716,Walking in GEORGETOWN _ Penang (Malaysia)  - Jetties and Old Centre - 4K 60fps (UHD).mp4_7,1920x1080,64.2
0.6146759047185778,0.39084976580263053,0.5289087556561843,0.4710912443438158,2.729030638869465,0.541049712797518,0.34126231691152364,31.570350376201592,0.16254573018912075,7.579290965336022,0.5371663959565309,0.33109244749723693,0.33533914751882604,3.857142857142857,Walking in GEORGETOWN _ Penang (Malaysia)  - Jetties and Old Centre - 4K 60fps (UHD).mp4_8,1920x1080,65.4
0.6306410286827315,0.41646771976767444,0.47191200340308054,0.5280879965969194,1.562394869314023,1.2593876107350477,0.3288737930501062,28.934858376829183,0.16214878629191073,7.616714818669717,0.43449164010597374,0.23096301281621556,0.23300587873865394,4.666666666666667,Walking in GEORGETOWN _ Penang (Malaysia)  - Jetties and Old Centre - 4K 60fps (UHD).mp4_9,1920x1080,81.7
0.521284712849286,0.43455765389695805,0.552229679098125,0.44777032090187496,0.7121384822878751,-0.13951889064762035,0.30535810441533173,32.44574596389292,0.09165434380959042,7.274646909969956,0.6083772124804997,0.4360099504488314,0.43615474695418993,0.8888888888888888,Walking in LIVERPOOL _ UK - 4K 60fps (UHD).mp4,1920x1080,83.0
0.5212365209423803,0.36011211263876475,0.6763914567324429,0.32360854326755706,3.1055852612267065,-3.387925749385259,0.30386637724008453,31.483074383293406,0.2251379846577463,7.227459167575892,0.466120440107949,0.2630189498585809,0.26693515829284015,4.375,Walking in LIVERPOOL _ UK - 4K 60fps (UHD).mp4_1,1920x1080,75.56666666666666
0.5136483770592742,0.39527479305690205,0.6222640520681939,0.37773594793180615,1.22674795283854,-0.03364035219282402,0.298583608695195,28.641593277133556,0.12706690692361017,7.432042757453867,0.5496947983668776,0.33405031018533127,0.33625790330169736,2.4285714285714284,Walking in LIVERPOOL _ UK - 4K 60fps (UHD).mp4_10,1920x1080,66.03333333333333
0.5888828291083413,0.38831942686029713,0.5521518098093553,0.4478481901906446,1.914542783946679,0.5220876998453274,0.3225701433963515,27.47002325699683,0.14014198553780136,7.5411612823150005,0.47858317663485145,0.25691845854950107,0.25981462344755174,4.428571428571429,Walking in LIVERPOOL _ UK - 4K 60fps (UHD).mp4_11,1920x1080,65.7
0.652124148472627,0.3886505427540114,0.5144171774190986,0.48558282258090146,2.1253075841014337,1.133948987475008,0.3336374005253745,26.600542943364406,0.14415091186923304,7.164346728917882,0.4607233247851611,0.23931903707991053,0.24166871859533473,5.0,Walking in LIVERPOOL _ UK - 4K 60fps (UHD).mp4_12,1920x1080,65.3
0.7431498319944606,0.41418383434988126,0.39191866132144454,0.6080813386785555,2.5466282391847677,2.3405619829836715,0.33443682202074027,31.567018437990107,0.19021262793780722,7.514541748500084,0.4545257069262891,0.2613835219982451,0.2635254027088768,2.4285714285714284,Walking in LIVERPOOL _ UK - 4K 60fps (UHD).mp4_13,1920x1080,65.3
0.4894038419136287,0.40115862256153295,0.6602366210496734,0.3397633789503267,1.684840021164246,-2.1802364519681308,0.2920565148901711,31.0272638232298,0.20347520227984028,7.235727419264867,0.48198729985821487,0.2746848740718716,0.2773634025790102,2.7142857142857144,Walking in LIVERPOOL _ UK - 4K 60fps (UHD).mp4_14,1920x1080,65.26666666666667
0.6072255339133591,0.45018361409310126,0.4526463175478167,0.5473536824521834,3.2539994153479546,3.748231434968745,0.3098989165729692,30.915301836855754,0.21937151619610606,7.515192883222016,0.5534041486193242,0.33323947995137015,0.33893933999303155,4.142857142857143,Walking in LIVERPOOL _ UK - 4K 60fps (UHD).mp4_15,1920x1080,63.96666666666667
0.6651966007815692,0.39051097237447163,0.47402246477747184,0.5259775352225281,2.4573042497665187,1.7602817356428022,0.3405807080528116,29.208109420308006,0.16438705305708481,7.671356810712518,0.5083905577277206,0.2899441579312322,0.294164662712067,5.857142857142857,Walking in LIVERPOOL _ UK - 4K 60fps (UHD).mp4_16,1920x1080,61.93333333333333
0.6212191699716333,0.3867657750160234,0.526823803177276,0.47317619682272405,1.5990986316484062,-0.24989816728756717,0.3381212764048619,23.722049643080066,0.1105858833319842,7.725408514918639,0.47310080197202337,0.23242039773194836,0.2345031481279461,9.142857142857142,Walking in LIVERPOOL _ UK - 4K 60fps (UHD).mp4_17,1920x1080,60.6
0.6417515239127363,0.3642084265192205,0.5447636348880893,0.4552363651119107,2.0163808645149923,0.5115281169557981,0.3478320292181414,29.50696083935325,0.1355084036018729,7.037000848189825,0.4505162795876452,0.2547464785175997,0.2565787142740937,1.75,Walking in LIVERPOOL _ UK - 4K 60fps (UHD).mp4_2,1920x1080,73.36666666666666
0.493086811241322,0.408398897737846,0.6151440776113654,0.38485592238863475,2.0591706920910693,-1.1415424630649522,0.2886637333434949,28.435853656532032,0.16370048367322088,7.748749967140622,0.5304530216938241,0.30068597357643545,0.304648326128713,3.625,Walking in LIVERPOOL _ UK - 4K 60fps (UHD).mp4_3,1920x1080,70.9
0.7327937533143224,0.40325951929743703,0.3978537442875961,0.6021462557124035,4.019734446230315,3.917688337309887,0.33756286595456075,28.46051354091831,0.21127376608663967,7.545907562364905,0.46898699159447726,0.24408069120970138,0.2496461220874369,4.142857142857143,Walking in LIVERPOOL _ UK - 4K 60fps (UHD).mp4_4,1920x1080,69.06666666666666
0.6721593770430506,0.33510583174523695,0.544622346046545,0.4553776539534549,2.5802414518168293,0.11626390996800581,0.36046226409394894,26.812717181192358,0.13526847379253817,7.334950557208223,0.4810586368420826,0.25457807548746963,0.25732163771005395,2.7142857142857144,Walking in LIVERPOOL _ UK - 4K 60fps (UHD).mp4_5,1920x1080,67.66666666666667
0.5985503450117633,0.4042256069141127,0.515973993097373,0.484026006902627,1.9114383429897777,0.12813218465258025,0.32211266505044367,27.15792991652538,0.14897979067538963,7.576936902561686,0.4667654928869695,0.24272175362185486,0.24531757942675275,3.142857142857143,Walking in LIVERPOOL _ UK - 4K 60fps (UHD).mp4_6,1920x1080,67.16666666666667
0.6529201686316368,0.39595377468536264,0.4730943189418769,0.5269056810581232,2.2250041856266596,2.3774222759910657,0.3403653193543975,28.249691411596398,0.15564917469059708,7.511056915581435,0.4890426060470484,0.26947976670779844,0.272553904706423,4.285714285714286,Walking in LIVERPOOL _ UK - 4K 60fps (UHD).mp4_7,1920x1080,67.16666666666667
0.6140991504093589,0.3395353958422236,0.5868592291901903,0.41314077080980965,3.8616584434363292,-0.5411517702820603,0.3344324899611098,28.42492112881345,0.17359357262949443,7.5133018193340035,0.45006160303627646,0.23022715888041764,0.23541338443390217,3.142857142857143,Walking in LIVERPOOL _ UK - 4K 60fps (UHD).mp4_8,1920x1080,67.0
0.5851166168462465,0.35781779682068704,0.5892907805423412,0.4107092194576586,2.168246397985148,-0.12126563238729862,0.32709777577988725,29.65489905368281,0.15047314141525825,7.5261557883378805,0.46815505801085866,0.25911865660083644,0.26203718038133117,2.4285714285714284,Walking in LIVERPOOL _ UK - 4K 60fps (UHD).mp4_9,1920x1080,66.2
0.48451053195218563,0.38380507333852876,0.6782948488209701,0.3217051511790301,2.0650035802655147,-2.2660978060654733,0.2808229971072135,27.86986856989796,0.20378412880187385,7.532040412967496,0.41143322150104894,0.19714777393586436,0.19978880341588492,8.666666666666666,Walking in LONDON _ England (UK) - St. Paul's to Big Ben (2019) - 4K 60fps (UHD).mp4,1920x1080,89.53333333333333
0.6363839123359776,0.37244624636965484,0.5403269213892319,0.4596730786107681,3.281174492984879,0.09946017426028313,0.3467779198326408,30.34547336534327,0.16774919521814263,7.351794391930712,0.46412898311330697,0.25971075107479663,0.2636689881023194,3.5714285714285716,Walking in LONDON _ England (UK) - St. Paul's to Big Ben (2019) - 4K 60fps (UHD).mp4_1,1920x1080,69.0
0.5664883043652019,0.3767188856934857,0.6115081789019683,0.3884918210980316,3.0988785409958375,-0.8901365931694671,0.32683413899204405,30.016850713272596,0.16613519981831398,7.327325286401053,0.4828271829179201,0.2732880157098092,0.27914766586053325,6.0,Walking in LONDON _ England (UK) - St. Paul's to Big Ben (2019) - 4K 60fps (UHD).mp4_10,1920x1080,61.8
0.5174205147932146,0.3658172457772816,0.6700235758409777,0.3299764241590224,1.5356477928466783,-1.6578781979592598,0.3024051093548955,28.982950390975628,0.14125487885335733,7.277515740516733,0.4345745736180273,0.23429179732696004,0.2358368773304733,5.285714285714286,Walking in LONDON _ England (UK) - St. Paul's to Big Ben (2019) - 4K 60fps (UHD).mp4_11,1920x1080,60.63333333333333
0.4531543398359675,0.4369245692126781,0.629804155872618,0.3701958441273822,1.1127740165548121,-1.5446876528327862,0.2769286605024538,31.227217952571287,0.13684136765835755,7.320771769933428,0.6498944778914656,0.45313075821255683,0.45465334774027755,1.7142857142857142,Walking in LONDON _ England (UK) - St. Paul's to Big Ben (2019) - 4K 60fps (UHD).mp4_12,1920x1080,60.63333333333333
0.6514147621767405,0.35366752757881886,0.5261093916572578,0.47389060834274227,2.007170424766561,0.3008417180307553,0.3481464152685462,30.273567705275692,0.15322209869334236,7.348367676969211,0.5322665838326072,0.32546949908978695,0.3282269797779131,6.142857142857143,Walking in LONDON _ England (UK) - St. Paul's to Big Ben (2019) - 4K 60fps (UHD).mp4_13,1920x1080,60.63333333333333
0.49593282428323293,0.5287696416824542,0.4790829964229312,0.5209170035770688,-2.644168872535058,4.001368339629836,0.2637380703491531,26.81829321713783,0.24006669465182934,7.280499301654308,0.41326388051362517,0.20267406862270734,0.2031713641751772,3.142857142857143,Walking in LONDON _ England (UK) - St. Paul's to Big Ben (2019) - 4K 60fps (UHD).mp4_2,1920x1080,68.1
0.5198855259333178,0.41920379361924187,0.5988693967750314,0.4011306032249686,1.057840094161895,-1.3806278578773639,0.30444463186965276,33.271855703119954,0.1698108232195188,7.175680355911278,0.4680213863709063,0.29033589526348014,0.2914830961991267,4.0,Walking in LONDON _ England (UK) - St. Paul's to Big Ben (2019) - 4K 60fps (UHD).mp4_3,1920x1080,68.1
0.5354421840706218,0.38952955653451643,0.6122592024384853,0.3877407975615145,1.6045973856317162,-2.346156925266262,0.31653884536710997,34.52512856790564,0.17587197896989373,7.080025063213638,0.562786645561002,0.3806792710125452,0.38264962651237766,3.0,Walking in LONDON _ England (UK) - St. Paul's to Big Ben (2019) - 4K 60fps (UHD).mp4_4,1920x1080,67.16666666666667
0.5633239352699337,0.4247957254671985,0.5490354963345585,0.4509645036654416,1.91878014618524,-0.033412107448474525,0.31051913166272893,28.332715172377373,0.18744979884302157,7.016522869518566,0.42512381854748066,0.21969776077583628,0.2224280698926822,4.714285714285714,Walking in LONDON _ England (UK) - St. Paul's to Big Ben (2019) - 4K 60fps (UHD).mp4_5,1920x1080,66.23333333333333
0.5718824992653574,0.45698191706778435,0.4672211629982931,0.5327788370017069,-1.2816676330896455,3.024052351629798,0.3068668627575986,28.07903103295367,0.17224025863394157,7.281302410409017,0.43530302244354535,0.23611258868344884,0.2370595013832446,6.142857142857143,Walking in LONDON _ England (UK) - St. Paul's to Big Ben (2019) - 4K 60fps (UHD).mp4_6,1920x1080,65.3
0.5185852402519394,0.41492974823362616,0.6002893586162329,0.39971064138376716,1.9243270254500782,-0.818593909632955,0.30045332405852004,31.170772262368548,0.22073102911119866,7.371288041617261,0.47715884335987485,0.2726781877367705,0.27561972440154536,8.142857142857142,Walking in LONDON _ England (UK) - St. Paul's to Big Ben (2019) - 4K 60fps (UHD).mp4_7,1920x1080,65.3
0.570582689283641,0.34537581948540536,0.6151204727783058,0.3848795272216942,0.8840796857931676,-1.846087149558468,0.3164231509902751,37.67591258463291,0.11758501509267826,6.358038559260174,0.46935923991510187,0.33683041486048915,0.33740373521083916,1.4285714285714286,Walking in LONDON _ England (UK) - St. Paul's to Big Ben (2019) - 4K 60fps (UHD).mp4_8,1920x1080,65.3
0.4230083376879667,0.4126617007458778,0.7136348646555349,0.2863651353444651,0.8651003888793376,-3.796167455872866,0.2507613813837209,27.811258724781947,0.18164544772130833,7.423441906976931,0.4726322810760105,0.24888224562670194,0.2505174470167281,2.5714285714285716,Walking in LONDON _ England (UK) - St. Paul's to Big Ben (2019) - 4K 60fps (UHD).mp4_9,1920x1080,64.36666666666666
0.74792191571275,0.32205381066417244,0.5004303323161998,0.4995696676838003,3.9857984320126305,0.5778555663723742,0.38726239899877957,28.96098293571106,0.15267093856715466,6.9420014972638455,0.5757861356965626,0.3551749210624336,0.36011988233172765,2.4,Walking in MANNHEIM _ Germany - 4K 60fps (UHD).mp4,1920x1080,90.06666666666666
0.6774703421641074,0.3484729970912095,0.5250306717463833,0.47496932825361665,2.682780699331551,0.5802343766922622,0.35491036431416456,28.93869260365141,0.15837161263105493,7.465468867842098,0.4381167818400509,0.22949038165521965,0.23278168259557325,1.625,Walking in MANNHEIM _ Germany - 4K 60fps (UHD).mp4_1,1920x1080,76.66666666666667
0.7120638044705064,0.3150495350775081,0.48059847776107806,0.519401522238922,2.1416701526593576,0.8031329721771563,0.3716526882541485,29.75220602088428,0.13498426911136074,7.4976415808764525,0.48300122792172434,0.28005061298714223,0.2827978710910123,3.7142857142857144,Walking in MANNHEIM _ Germany - 4K 60fps (UHD).mp4_10,1920x1080,63.266666666666666
0.7313201320155067,0.33794914024227535,0.4402055862665069,0.559794413733493,2.469432140415118,2.315469976297271,0.3742439287851257,24.333509267309744,0.14706792427845067,7.500988416852374,0.49667675544851436,0.2568052769030069,0.26027629030308386,3.125,Walking in MANNHEIM _ Germany - 4K 60fps (UHD).mp4_2,1920x1080,73.0
0.6867290828132525,0.32242081991495075,0.5400427226921296,0.4599572773078704,1.3976554364169667,-0.4968549058814332,0.36103463051127005,32.03585859547887,0.10231113853032156,6.62090841724503,0.5786712010276717,0.40261598026504475,0.403892891722749,1.0,Walking in MANNHEIM _ Germany - 4K 60fps (UHD).mp4_3,1920x1080,71.8
0.6848846341869395,0.34096217509633453,0.5192774023857032,0.4807225976142968,2.8645150486534368,0.7536194891231692,0.36208042610119573,28.7168614463883,0.14661350089599393,7.536314012084263,0.4683207869519335,0.2565831403612327,0.2600609650230882,0.5,Walking in MANNHEIM _ Germany - 4K 60fps (UHD).mp4_4,1920x1080,71.8
0.7129275031732811,0.35326577500013023,0.4738283176426454,0.5261716823573546,2.3405463249834244,1.0649579213417957,0.36196241096223153,28.490857842229243,0.1359277592480336,7.342657358944308,0.43585566475818716,0.23351798952407973,0.23598343143045472,5.142857142857143,Walking in MANNHEIM _ Germany - 4K 60fps (UHD).mp4_5,1920x1080,68.53333333333333
0.7687188448020887,0.36317428218260084,0.4090271215943356,0.5909728784056643,2.832309152407357,3.9216463751071324,0.37033811114774023,25.352303008362156,0.18913464028105378,7.325349294761146,0.472689274475222,0.23849761095777874,0.24173052199872844,2.2857142857142856,Walking in MANNHEIM _ Germany - 4K 60fps (UHD).mp4_6,1920x1080,66.93333333333334
0.6637406661383345,0.3700947858111953,0.4430878595509401,0.5569121404490598,1.0666188579714984,4.120089890199567,0.3464163317186694,26.979743924854308,0.2055551094003483,7.646362439352133,0.45263928603848935,0.23193692782512526,0.23490740517454553,5.142857142857143,Walking in MANNHEIM _ Germany - 4K 60fps (UHD).mp4_7,1920x1080,65.7
0.6925076199162427,0.3248286500102869,0.4954736985923163,0.5045263014076836,1.7817062102940608,0.7008482111786168,0.36534630390917744,28.865075713763336,0.12670782318016632,7.541439783310529,0.4670852647772072,0.26237875866293464,0.2646151503319655,6.857142857142857,Walking in MANNHEIM _ Germany - 4K 60fps (UHD).mp4_8,1920x1080,63.266666666666666
0.724896260305248,0.33601108760583615,0.4628545905509907,0.5371454094490092,3.045718304883003,1.7230810944583748,0.3701821878665849,30.111255419146236,0.16757459883264225,7.473464245032175,0.49177800012752,0.2830978187641695,0.2871789143480448,5.571428571428571,Walking in MANNHEIM _ Germany - 4K 60fps (UHD).mp4_9,1920x1080,63.266666666666666
0.5533565020101525,0.4584742872621652,0.5004706231646961,0.4995293768353038,0.4036980809235376,0.9233588341682872,0.2995500155543669,33.175644553191205,0.18380663696429733,7.729316393590561,0.5586416563281691,0.36037261909099016,0.3636832337304607,2.5555555555555554,Walking in PRAGUE HOLESOVICE _ Czech Republic - Stromovka Park to Vlatava - 4K 60fps (UHD).mp4,1920x1080,84.13333333333334
0.6065515616723909,0.36368496793597616,0.5724549760104567,0.42754502398954336,2.4050224843645656,-0.7829873644686471,0.34034546735247584,32.16609029923032,0.16888070890174545,7.10088435982975,0.5002182937507565,0.30788281861526934,0.31069531757326313,4.0,Walking in PRAGUE HOLESOVICE _ Czech Republic - Stromovka Park to Vlatava - 4K 60fps (UHD).mp4_1,1920x1080,71.8
0.6901042235479725,0.3062476369835976,0.5700032000293465,0.42999679997065354,3.25702033721296,-1.2552526387086056,0.3682911261859768,31.3708881339446,0.17744662541378126,7.244689682594568,0.45531356852154437,0.2581295057217595,0.26119361192345447,2.125,Walking in PRAGUE HOLESOVICE _ Czech Republic - Stromovka Park to Vlatava - 4K 60fps (UHD).mp4_2,1920x1080,70.6
0.7989049489768126,0.33282026188734054,0.3932146723885794,0.6067853276114205,4.435417843402212,3.681388133855612,0.3925647640767521,27.04615571768247,0.1728579336540746,7.392360692445118,0.5538837002779506,0.31592144747136514,0.322068689471751,5.142857142857143,Walking in PRAGUE HOLESOVICE _ Czech Republic - Stromovka Park to Vlatava - 4K 60fps (UHD).mp4_3,1920x1080,65.73333333333333
0.6367943299517209,0.5276392547254521,0.3258515933219032,0.6741484066780965,1.7069293049327805,5.0598749266589005,0.26773014794494043,29.06002181675935,0.31967352097603313,7.816233128830829,0.5597623440579935,0.30210951744086223,0.31322537464449196,1.1428571428571428,Walking in PRAGUE HOLESOVICE _ Czech Republic - Stromovka Park to Vlatava - 4K 60fps (UHD).mp4_4,1920x1080,64.5
0.725763722249427,0.30252565925190084,0.5127350750912202,0.48726492490877965,3.578404523882068,0.15586847143992447,0.3762737263691424,29.299565255633745,0.1456404326033374,7.185946382354239,0.4954667574977523,0.28362865547207694,0.2869576353082567,3.857142857142857,Walking in PRAGUE HOLESOVICE _ Czech Republic - Stromovka Park to Vlatava - 4K 60fps (UHD).mp4_5,1920x1080,64.5
0.7366660304619954,0.3588081195712474,0.44641905007211047,0.5535809499278895,2.9303931930828253,1.3445967594369397,0.3692566268133167,28.504560708807023,0.15040534379896456,7.270692974526085,0.49750715598739503,0.27947428630894555,0.28317507900816796,2.857142857142857,Walking in PRAGUE HOLESOVICE _ Czech Republic - Stromovka Park to Vlatava - 4K 60fps (UHD).mp4_6,1920x1080,62.03333333333333
0.6406086647485065,0.41513023070923916,0.45021549504955716,0.5497845049504431,1.4183241969952332,1.6949426491600312,0.33735679107633554,27.502451747763544,0.18458709290275926,7.509893755225881,0.40264895043236787,0.1948621967688568,0.19733972649725515,4.444444444444445,Walking in SINGAPORE - Gardens by the Bay to Orchard Road - 4K 60fps (UHD).mp4,1920x1080,83.16666666666667
0.5288751069262965,0.37958644152483545,0.6062446790877856,0.3937553209122145,0.46021760876825024,-1.773227563210935,0.3110413568295738,20.35082009111943,0.12011795152230821,7.603053348731416,0.5929730578911734,0.32491870339386164,0.3272087407518507,3.75,Walking in SINGAPORE - Gardens by the Bay to Orchard Road - 4K 60fps (UHD).mp4_1,1920x1080,74.23333333333333
0.5236732824607061,0.41674323168484445,0.5764516998807119,0.4235483001192882,0.43703818260487765,-0.08382389103680978,0.29654313318135905,26.068483309164442,0.10342389300488762,7.63526003617435,0.5238924027172598,0.297073007521247,0.29783836371967626,2.4285714285714284,Walking in SINGAPORE - Gardens by the Bay to Orchard Road - 4K 60fps (UHD).mp4_10,1920x1080,60.833333333333336
0.6421107833419737,0.5815573261363771,0.2633192151812823,0.7366807848187175,-3.3199125714036355,7.019223548909265,0.2546436743908641,31.533198911357708,0.2290096534562947,6.943236740647794,0.4139040207614681,0.2465943739441313,0.24672314174198812,3.75,Walking in SINGAPORE - Gardens by the Bay to Orchard Road - 4K 60fps (UHD).mp4_2,1920x1080,74.2
0.7154038268361513,0.4738069241136514,0.33196345896913304,0.6680365410308668,-0.08619404219142598,3.0398126951829254,0.3077750451023947,34.27525140703193,0.16022476984814937,6.973776956520242,0.4805226488743647,0.3147440835188753,0.31634883348838877,1.0,Walking in SINGAPORE - Gardens by the Bay to Orchard Road - 4K 60fps (UHD).mp4_3,1920x1080,70.43333333333334
0.5886680742858221,0.513902086991037,0.40666421093158484,0.5933357890684149,-2.414593700101527,5.066427212502973,0.3096688414021665,27.72942496026451,0.21666877084055058,7.51649487341957,0.46836773756570527,0.25119641938751053,0.25250900599665865,1.7142857142857142,Walking in SINGAPORE - Gardens by the Bay to Orchard Road - 4K 60fps (UHD).mp4_4,1920x1080,68.86666666666666
0.7730562440752492,0.4837558606271388,0.22570927804115085,0.7742907219588491,2.0098930782673117,10.458851017691867,0.25647491317799137,24.385750027544812,0.30263841650774587,7.580305395123036,0.42988439434415743,0.18862536459502532,0.19323504707874475,3.0,Walking in SINGAPORE - Gardens by the Bay to Orchard Road - 4K 60fps (UHD).mp4_5,1920x1080,68.13333333333334
0.6463883391563948,0.42448530073579593,0.4506781050043589,0.549321894995641,0.23482973966502416,2.80368596396266,0.32484466569910314,22.639854279318907,0.1475789102287358,7.6247772243199465,0.4764260453409759,0.23274588797010054,0.23406536862573793,4.142857142857143,Walking in SINGAPORE - Gardens by the Bay to Orchard Road - 4K 60fps (UHD).mp4_6,1920x1080,65.7
0.6245745171642321,0.4702400801212941,0.41466378647168944,0.5853362135283106,0.572964005833232,2.1023565188541844,0.3075304231580206,30.3652597944653,0.1917224216869268,7.356446723301845,0.40177818708501917,0.21854019371034733,0.22045718157991306,3.5714285714285716,Walking in SINGAPORE - Gardens by the Bay to Orchard Road - 4K 60fps (UHD).mp4_7,1920x1080,64.9
0.7276882063148058,0.49926141163423043,0.2482755011570464,0.7517244988429533,1.4424040805851952,10.296875350036741,0.2554289007266503,22.652839705460924,0.28646706289505286,7.586311053378405,0.4455735367063492,0.19199141412790885,0.1966711240088997,4.0,Walking in SINGAPORE - Gardens by the Bay to Orchard Road - 4K 60fps (UHD).mp4_8,1920x1080,62.06666666666667
0.5557329554024923,0.4423991961921184,0.5151458137926843,0.4848541862073158,-0.1684776847986407,0.9930403570019516,0.30368941834406665,30.915959769420258,0.1410694369113684,7.54949880607265,0.5341571893803818,0.3386254936656184,0.3398142101472388,1.4285714285714286,Walking in SINGAPORE - Gardens by the Bay to Orchard Road - 4K 60fps (UHD).mp4_9,1920x1080,62.06666666666667
0.7634078074364788,0.37342530794220896,0.4144651147265943,0.5855348852734057,4.657574314959139,2.7011930480767,0.3701483382143421,30.954294337147054,0.20568989568102417,7.403017679558755,0.5363856632776569,0.3136901938879971,0.32152963716923033,3.8,"Walking in SINGAPORE - Kampong, Bugis and Little India - 4K 60fps (UHD).mp4",1920x1080,95.03333333333333
0.674873514302511,0.5678157931091007,0.2525761570292157,0.747423842970784,-2.058018315077897,7.630577421055526,0.2257165906752607,26.1169210238135,0.2136166521809844,7.577118099185851,0.4615061549782806,0.23653787597907458,0.23802085605670933,2.6666666666666665,"Walking in SINGAPORE - Kampong, Bugis and Little India - 4K 60fps (UHD).mp4_1",1920x1080,83.6
0.6544276186844062,0.5407330626544988,0.3092324691043858,0.6907675308956142,-1.9919924836817662,7.651717934793162,0.2882093484193097,28.45079078276766,0.2551514595042014,7.575265647302266,0.42725944108353214,0.2205931226908802,0.22234318598462818,3.2857142857142856,"Walking in SINGAPORE - Kampong, Bugis and Little India - 4K 60fps (UHD).mp4_10",1920x1080,66.6
0.7153462596191141,0.4186967505998472,0.39100432615968106,0.6089956738403189,3.337395413905491,4.431923065145859,0.3474268394141872,29.06843061497514,0.19057584381409337,7.816786128519216,0.5455903755792443,0.3190674240639744,0.3245593875649738,3.142857142857143,"Walking in SINGAPORE - Kampong, Bugis and Little India - 4K 60fps (UHD).mp4_11",1920x1080,66.16666666666667
0.7254684142584013,0.49377782282066407,0.30226482162355783,0.6977351783764423,0.6240712115802328,4.276777228537687,0.28082605753290024,30.230067240741715,0.1874419810724306,7.5146824863418855,0.45421373186620323,0.25560001413444583,0.2579792305959528,1.4285714285714286,"Walking in SINGAPORE - Kampong, Bugis and Little India - 4K 60fps (UHD).mp4_12",1920x1080,65.33333333333333
0.6792604488442916,0.3843879324241427,0.46559698140125133,0.5344030185987487,7.33782096923378,4.495429544077421,0.3586479825987663,29.18984831141287,0.32819649692926456,7.641991191852731,0.4685856257240551,0.2243666612404108,0.23788190646520715,6.571428571428571,"Walking in SINGAPORE - Kampong, Bugis and Little India - 4K 60fps (UHD).mp4_13",1920x1080,64.5
0.6511297373193529,0.46805207321937853,0.40364405617031746,0.5963559438296827,1.1997052267759163,2.947336653683901,0.31221298661942676,25.664981826605494,0.17536102837181036,7.599759088826352,0.5327249209483175,0.29199607143567263,0.2959691831404589,2.0,"Walking in SINGAPORE - Kampong, Bugis and Little India - 4K 60fps (UHD).mp4_14",1920x1080,64.06666666666666
0.6707474934608716,0.4417531950722268,0.40579687415479376,0.5942031258452062,2.120108661739639,4.342641066564927,0.33834921699241843,27.872401224941967,0.20147430183906417,7.540963309162985,0.4875540477379222,0.2617637010426349,0.2663383245045143,2.5714285714285716,"Walking in SINGAPORE - Kampong, Bugis and Little India - 4K 60fps (UHD).mp4_15",1920x1080,61.53333333333333
0.6962722441048654,0.451578280059187,0.3772425218878369,0.6227574781121631,2.8475661796374303,3.235922701018405,0.34403024518770675,29.985321952523748,0.1901489006822908,7.383415857488176,0.5686084164375628,0.3485103784199404,0.3563625168434587,3.142857142857143,"Walking in SINGAPORE - Kampong, Bugis and Little India - 4K 60fps (UHD).mp4_16",1920x1080,60.666666666666664
0.688531323684556,0.4579677051971857,0.373244348267458,0.6267556517325417,2.779796821038259,6.664720833706195,0.3307385458192028,26.837362828120984,0.26226981099202495,7.560946665865028,0.48779390843432285,0.2427258992839011,0.2525879588023572,6.125,"Walking in SINGAPORE - Kampong, Bugis and Little India - 4K 60fps (UHD).mp4_2",1920x1080,78.06666666666666
0.8181778402762935,0.3789695883741918,0.34382695710053374,0.6561730428994661,7.498680543909421,5.319544930657122,0.3887671517897636,28.300402727381893,0.26425910196571095,7.523755890020906,0.5375486054375455,0.29050357741609995,0.30385500872457694,4.375,"Walking in SINGAPORE - Kampong, Bugis and Little India - 4K 60fps (UHD).mp4_3",1920x1080,73.4
0.721181009892526,0.4217086551897455,0.3722312697342122,0.6277687302657877,5.054990239313286,6.702095877220808,0.35369495568732173,27.643396357107864,0.2810407735443585,7.6802313470555355,0.5038774923501423,0.253825343954802,0.2674554701376537,7.5,"Walking in SINGAPORE - Kampong, Bugis and Little India - 4K 60fps (UHD).mp4_4",1920x1080,72.96666666666667
0.6889961990700126,0.46627554217120104,0.36522729665218845,0.6347727033478117,-0.4694383259747632,3.142774767580282,0.3061630954847689,28.40565817793619,0.12514862562606785,7.243331820687012,0.4749529377723312,0.2730660499004491,0.2739730769028077,3.125,"Walking in SINGAPORE - Kampong, Bugis and Little India - 4K 60fps (UHD).mp4_5",1920x1080,72.53333333333333
